{"cameraMode":{"drawMode":0,"name":"Shaded","section":"Shading Mode"},"sceneLighting":true,"audioPlay":false,"sceneViewState":{"showFog":true,"showMaterialUpdate":false,"showSkybox":true,"showFlares":true,"showImageEffects":true,"showParticleSystems":true},"in2DMode":false,"pivot":{"x":45.44422149658203,"y":48.7279167175293,"z":119.02297973632813},"rotation":{"x":0.12486211955547333,"y":0.8691345453262329,"z":-0.2791939973831177,"w":0.3887826204299927},"size":64.90351104736328,"orthographic":false}