{"cameraMode":{"drawMode":0,"name":"Shaded","section":"Shading Mode"},"sceneLighting":true,"audioPlay":false,"sceneViewState":{"showFog":true,"showMaterialUpdate":false,"showSkybox":true,"showFlares":true,"showImageEffects":true,"showParticleSystems":true},"in2DMode":false,"pivot":{"x":25.79728126525879,"y":-14.737009048461914,"z":26.287860870361329},"rotation":{"x":-0.2587265968322754,"y":0.0897921472787857,"z":-0.02368001639842987,"w":-0.961527943611145},"size":16.205829620361329,"orthographic":false}