{"cameraMode":{"drawMode":0,"name":"Shaded","section":"Shading Mode"},"sceneLighting":false,"audioPlay":false,"sceneViewState":{"showFog":true,"showMaterialUpdate":false,"showSkybox":false,"showFlares":true,"showImageEffects":true,"showParticleSystems":true},"in2DMode":false,"pivot":{"x":26.976343154907228,"y":43.719482421875,"z":76.4244155883789},"rotation":{"x":-0.04859594628214836,"y":-0.20819354057312013,"z":0.010857553221285344,"w":-0.976868748664856},"size":31.46409034729004,"orthographic":false}