{"cameraMode":{"drawMode":0,"name":"Shaded","section":"Shading Mode"},"sceneLighting":true,"audioPlay":false,"sceneViewState":{"showFog":true,"showMaterialUpdate":false,"showSkybox":true,"showFlares":true,"showImageEffects":true,"showParticleSystems":true},"in2DMode":false,"pivot":{"x":515.4396362304688,"y":386.0,"z":1.2999999523162842},"rotation":{"x":-0.009299760684370995,"y":-0.035993531346321109,"z":0.0004535295011010021,"w":-0.9993502497673035},"size":211.01824951171876,"orthographic":false}