{"cameraMode":{"drawMode":0,"name":"Shaded","section":"Shading Mode"},"sceneLighting":false,"audioPlay":false,"sceneViewState":{"showFog":true,"showMaterialUpdate":false,"showSkybox":false,"showFlares":true,"showImageEffects":true,"showParticleSystems":true},"in2DMode":false,"pivot":{"x":0.8688366413116455,"y":0.1472741812467575,"z":0.8570992350578308},"rotation":{"x":0.07630454003810883,"y":-0.49798381328582766,"z":-0.04399090260267258,"w":-0.8627151846885681},"size":2.8110599517822267,"orthographic":false}