{"cameraMode":{"drawMode":0,"name":"Shaded","section":"Shading Mode"},"sceneLighting":false,"audioPlay":false,"sceneViewState":{"showFog":true,"showMaterialUpdate":false,"showSkybox":false,"showFlares":true,"showImageEffects":true,"showParticleSystems":true},"in2DMode":false,"pivot":{"x":0.0,"y":3.5338850021362306,"z":-0.18186521530151368},"rotation":{"x":-0.06176416203379631,"y":-0.014966151677072049,"z":0.0010419574100524188,"w":-0.9980178475379944},"size":7.948713302612305,"orthographic":true}