{"cameraMode":{"drawMode":0,"name":"Shaded","section":"Shading Mode"},"sceneLighting":true,"audioPlay":false,"sceneViewState":{"showFog":true,"showMaterialUpdate":false,"showSkybox":true,"showFlares":true,"showImageEffects":true,"showParticleSystems":true},"in2DMode":false,"pivot":{"x":42.23724365234375,"y":-17.884807586669923,"z":15.203853607177735},"rotation":{"x":-0.1704510748386383,"y":-0.01772703044116497,"z":0.003141200402751565,"w":-0.9852421879768372},"size":14.981143951416016,"orthographic":false}