{"cameraMode":{"drawMode":0,"name":"Shaded","section":"Shading Mode"},"sceneLighting":true,"audioPlay":false,"sceneViewState":{"showFog":true,"showMaterialUpdate":false,"showSkybox":true,"showFlares":true,"showImageEffects":true,"showParticleSystems":true},"in2DMode":false,"pivot":{"x":565.9617919921875,"y":452.54180908203127,"z":35.89687728881836},"rotation":{"x":-0.06176416203379631,"y":-0.014966151677072049,"z":0.0010419574100524188,"w":-0.9980178475379944},"size":188.25146484375,"orthographic":true}