{"cameraMode":{"drawMode":0,"name":"Shaded","section":"Shading Mode"},"sceneLighting":true,"audioPlay":false,"sceneViewState":{"showFog":true,"showMaterialUpdate":false,"showSkybox":true,"showFlares":true,"showImageEffects":true,"showParticleSystems":true},"in2DMode":false,"pivot":{"x":651.9315185546875,"y":347.0077819824219,"z":20.829687118530275},"rotation":{"x":-0.06176416203379631,"y":-0.014966151677072049,"z":0.0010419574100524188,"w":-0.9980178475379944},"size":417.19683837890627,"orthographic":true}