{"cameraMode":{"drawMode":0,"name":"Shaded","section":"Shading Mode"},"sceneLighting":false,"audioPlay":false,"sceneViewState":{"showFog":true,"showMaterialUpdate":false,"showSkybox":false,"showFlares":true,"showImageEffects":true,"showParticleSystems":true},"in2DMode":false,"pivot":{"x":31.55999755859375,"y":-17.59000015258789,"z":9.930000305175782},"rotation":{"x":-0.07895056158304215,"y":-0.4796833395957947,"z":0.0436108261346817,"w":-0.8728821277618408},"size":1.224744439125061,"orthographic":true}