{"cameraMode":{"drawMode":0,"name":"Shaded","section":"Shading Mode"},"sceneLighting":true,"audioPlay":false,"sceneViewState":{"showFog":true,"showMaterialUpdate":false,"showSkybox":true,"showFlares":true,"showImageEffects":true,"showParticleSystems":true},"in2DMode":false,"pivot":{"x":604.73486328125,"y":429.8999938964844,"z":34.76329803466797},"rotation":{"x":-0.06176416203379631,"y":-0.014966151677072049,"z":0.0010419574100524188,"w":-0.9980178475379944},"size":423.282470703125,"orthographic":true}