{"cameraMode":{"drawMode":0,"name":"Shaded","section":"Shading Mode"},"sceneLighting":true,"audioPlay":false,"sceneViewState":{"showFog":true,"showMaterialUpdate":false,"showSkybox":true,"showFlares":true,"showImageEffects":true,"showParticleSystems":true},"in2DMode":false,"pivot":{"x":521.6050415039063,"y":355.1036376953125,"z":-109.04158782958985},"rotation":{"x":-0.04229893907904625,"y":0.000002573036908870563,"z":0.00011893008922925219,"w":-0.9991464614868164},"size":435.8179626464844,"orthographic":true}