{"cameraMode":{"drawMode":0,"name":"Shaded","section":"Shading Mode"},"sceneLighting":true,"audioPlay":false,"sceneViewState":{"showFog":true,"showMaterialUpdate":false,"showSkybox":true,"showFlares":true,"showImageEffects":true,"showParticleSystems":true},"in2DMode":false,"pivot":{"x":25.4265193939209,"y":31.638648986816408,"z":64.0445785522461},"rotation":{"x":-0.095151886343956,"y":-0.9041471481323242,"z":0.28313368558883669,"w":-0.3056027591228485},"size":31.348548889160158,"orthographic":false}