{"cameraMode":{"drawMode":0,"name":"Shaded","section":"Shading Mode"},"sceneLighting":false,"audioPlay":false,"sceneViewState":{"showFog":true,"showMaterialUpdate":false,"showSkybox":false,"showFlares":true,"showImageEffects":true,"showParticleSystems":true},"in2DMode":false,"pivot":{"x":-0.34024858474731448,"y":0.598548412322998,"z":0.04773993790149689},"rotation":{"x":-0.1714145541191101,"y":-0.6776182651519775,"z":0.16721367835998536,"w":-0.6953635215759277},"size":3.411059856414795,"orthographic":false}