{"cameraMode":{"drawMode":0,"name":"Shaded","section":"Shading Mode"},"sceneLighting":true,"audioPlay":false,"sceneViewState":{"showFog":true,"showMaterialUpdate":false,"showSkybox":true,"showFlares":true,"showImageEffects":true,"showParticleSystems":true},"in2DMode":false,"pivot":{"x":758.9519653320313,"y":619.7652587890625,"z":-0.4474776089191437},"rotation":{"x":-0.04229893907904625,"y":0.000002573036908870563,"z":0.00011893008922925219,"w":-0.9991464614868164},"size":679.1227416992188,"orthographic":true}