{"cameraMode":{"drawMode":0,"name":"Shaded","section":"Shading Mode"},"sceneLighting":true,"audioPlay":false,"sceneViewState":{"showFog":true,"showMaterialUpdate":false,"showSkybox":true,"showFlares":true,"showImageEffects":true,"showParticleSystems":true},"in2DMode":false,"pivot":{"x":41.9207878112793,"y":-60.98942947387695,"z":96.22254943847656},"rotation":{"x":-0.24189221858978272,"y":-0.06108430400490761,"z":0.015260345302522183,"w":-0.9682634472846985},"size":57.17106246948242,"orthographic":false}