{"cameraMode":{"drawMode":0,"name":"Shaded","section":"Shading Mode"},"sceneLighting":true,"audioPlay":false,"sceneViewState":{"showFog":true,"showMaterialUpdate":false,"showSkybox":true,"showFlares":true,"showImageEffects":true,"showParticleSystems":true},"in2DMode":false,"pivot":{"x":640.9255981445313,"y":524.3082885742188,"z":-52.504695892333987},"rotation":{"x":-0.04229893907904625,"y":0.000002573036908870563,"z":0.00011893008922925219,"w":-0.9991464614868164},"size":294.9663391113281,"orthographic":true}