{"cameraMode":{"drawMode":0,"name":"Shaded","section":"Shading Mode"},"sceneLighting":false,"audioPlay":false,"sceneViewState":{"showFog":true,"showMaterialUpdate":false,"showSkybox":false,"showFlares":true,"showImageEffects":true,"showParticleSystems":true},"in2DMode":false,"pivot":{"x":3.4149999618530275,"y":5.625,"z":0.29343634843826296},"rotation":{"x":-0.24189221858978272,"y":-0.06108430400490761,"z":0.015260345302522183,"w":-0.9682634472846985},"size":5.820101261138916,"orthographic":false}