{"cameraMode":{"drawMode":0,"name":"Shaded","section":"Shading Mode"},"sceneLighting":true,"audioPlay":false,"sceneViewState":{"showFog":true,"showMaterialUpdate":false,"showSkybox":true,"showFlares":true,"showImageEffects":true,"showParticleSystems":true},"in2DMode":false,"pivot":{"x":510.8238220214844,"y":614.7279052734375,"z":58.025001525878909},"rotation":{"x":-0.06176416203379631,"y":-0.014966151677072049,"z":0.0010419574100524188,"w":-0.9980178475379944},"size":385.14984130859377,"orthographic":true}