{"cameraMode":{"drawMode":0,"name":"Shaded","section":"Shading Mode"},"sceneLighting":false,"audioPlay":false,"sceneViewState":{"showFog":true,"showMaterialUpdate":false,"showSkybox":false,"showFlares":true,"showImageEffects":true,"showParticleSystems":true},"in2DMode":false,"pivot":{"x":31.55999755859375,"y":-17.59000015258789,"z":9.930000305175782},"rotation":{"x":-0.24161271750926972,"y":-0.39969193935394289,"z":0.11031545698642731,"w":-0.8774133920669556},"size":1.224744439125061,"orthographic":true}