{"cameraMode":{"drawMode":0,"name":"Shaded","section":"Shading Mode"},"sceneLighting":true,"audioPlay":false,"sceneViewState":{"showFog":true,"showMaterialUpdate":false,"showSkybox":true,"showFlares":true,"showImageEffects":true,"showParticleSystems":true},"in2DMode":false,"pivot":{"x":48.366790771484378,"y":-11.14453411102295,"z":9.896032333374024},"rotation":{"x":-0.2520555853843689,"y":0.5544109344482422,"z":-0.18070361018180848,"w":-0.7724121809005737},"size":10.0,"orthographic":true}