{"cameraMode":{"drawMode":0,"name":"Shaded","section":"Shading Mode"},"sceneLighting":true,"audioPlay":false,"sceneViewState":{"showFog":true,"showMaterialUpdate":false,"showSkybox":true,"showFlares":true,"showImageEffects":true,"showParticleSystems":true},"in2DMode":false,"pivot":{"x":609.1290283203125,"y":376.54144287109377,"z":-53.19855880737305},"rotation":{"x":-0.04229893907904625,"y":0.000002573036908870563,"z":0.00011893008922925219,"w":-0.9991464614868164},"size":353.7953186035156,"orthographic":true}