{"cameraMode":{"drawMode":0,"name":"Shaded","section":"Shading Mode"},"sceneLighting":true,"audioPlay":false,"sceneViewState":{"showFog":true,"showMaterialUpdate":false,"showSkybox":true,"showFlares":true,"showImageEffects":true,"showParticleSystems":true},"in2DMode":false,"pivot":{"x":473.72430419921877,"y":443.4296875,"z":-1.0625},"rotation":{"x":-0.04523121938109398,"y":-0.05092476308345795,"z":0.0024278888013213875,"w":-0.9977161884307861},"size":546.2439575195313,"orthographic":true}