{"cameraMode":{"drawMode":0,"name":"Shaded","section":"Shading Mode"},"sceneLighting":true,"audioPlay":false,"sceneViewState":{"showFog":true,"showMaterialUpdate":false,"showSkybox":true,"showFlares":true,"showImageEffects":true,"showParticleSystems":true},"in2DMode":false,"pivot":{"x":533.9808959960938,"y":556.728271484375,"z":51.095829010009769},"rotation":{"x":0.007173927966505289,"y":0.05996109917759895,"z":0.0004922607913613319,"w":-0.9982106685638428},"size":370.8125915527344,"orthographic":false}