{"cameraMode":{"drawMode":0,"name":"Shaded","section":"Shading Mode"},"sceneLighting":true,"audioPlay":false,"sceneViewState":{"showFog":true,"showMaterialUpdate":false,"showSkybox":true,"showFlares":true,"showImageEffects":true,"showParticleSystems":true},"in2DMode":false,"pivot":{"x":538.2882080078125,"y":408.83331298828127,"z":-30.878841400146486},"rotation":{"x":-0.04523121938109398,"y":-0.05092476308345795,"z":0.0024278888013213875,"w":-0.9977161884307861},"size":490.88519287109377,"orthographic":true}