{"cameraMode":{"drawMode":0,"name":"Shaded","section":"Shading Mode"},"sceneLighting":true,"audioPlay":false,"sceneViewState":{"showFog":true,"showMaterialUpdate":false,"showSkybox":true,"showFlares":true,"showImageEffects":true,"showParticleSystems":true},"in2DMode":false,"pivot":{"x":507.0003662109375,"y":427.7578125,"z":10.6875},"rotation":{"x":-0.04229893907904625,"y":0.000002573036908870563,"z":0.00011893008922925219,"w":-0.9991464614868164},"size":248.5930938720703,"orthographic":true}