{"cameraMode":{"drawMode":0,"name":"Shaded","section":"Shading Mode"},"sceneLighting":false,"audioPlay":false,"sceneViewState":{"showFog":true,"showMaterialUpdate":false,"showSkybox":false,"showFlares":true,"showImageEffects":true,"showParticleSystems":true},"in2DMode":false,"pivot":{"x":-0.38000011444091799,"y":15.986211776733399,"z":-0.09000003337860108},"rotation":{"x":-0.37073808908462527,"y":0.0069626932963728909,"z":-0.002779187634587288,"w":-0.9287208318710327},"size":10.314719200134278,"orthographic":false}