{"cameraMode":{"drawMode":0,"name":"Shaded","section":"Shading Mode"},"sceneLighting":true,"audioPlay":false,"sceneViewState":{"showFog":true,"showMaterialUpdate":false,"showSkybox":true,"showFlares":true,"showImageEffects":true,"showParticleSystems":true},"in2DMode":false,"pivot":{"x":516.183837890625,"y":452.5652160644531,"z":-28.04734992980957},"rotation":{"x":-0.024305546656250955,"y":0.020993517711758615,"z":-0.00039174503763206303,"w":-0.9995253682136536},"size":219.14137268066407,"orthographic":false}