{"cameraMode":{"drawMode":0,"name":"Shaded","section":"Shading Mode"},"sceneLighting":false,"audioPlay":false,"sceneViewState":{"showFog":true,"showMaterialUpdate":false,"showSkybox":false,"showFlares":true,"showImageEffects":true,"showParticleSystems":true},"in2DMode":false,"pivot":{"x":0.2057294249534607,"y":-0.13730692863464356,"z":-0.5788259506225586},"rotation":{"x":0.008505284786224366,"y":0.9831557273864746,"z":-0.17620806396007539,"w":0.050990909337997439},"size":2.7015042304992677,"orthographic":false}