{"cameraMode":{"drawMode":0,"name":"Shaded","section":"Shading Mode"},"sceneLighting":true,"audioPlay":false,"sceneViewState":{"showFog":true,"showMaterialUpdate":false,"showSkybox":true,"showFlares":true,"showImageEffects":true,"showParticleSystems":true},"in2DMode":false,"pivot":{"x":898.549072265625,"y":386.0763854980469,"z":360.3319396972656},"rotation":{"x":-0.10214744508266449,"y":0.006634753197431564,"z":-0.00014962533896323293,"w":-0.994863748550415},"size":582.2193603515625,"orthographic":false}