{"cameraMode":{"drawMode":0,"name":"Shaded","section":"Shading Mode"},"sceneLighting":false,"audioPlay":false,"sceneViewState":{"showFog":true,"showMaterialUpdate":false,"showSkybox":false,"showFlares":true,"showImageEffects":true,"showParticleSystems":true},"in2DMode":false,"pivot":{"x":-0.7802798748016357,"y":-5.685461044311523,"z":2.493291139602661},"rotation":{"x":-0.4763376712799072,"y":0.5221982002258301,"z":-0.4698512852191925,"w":-0.528944730758667},"size":13.627572059631348,"orthographic":false}