{"cameraMode":{"drawMode":0,"name":"Shaded","section":"Shading Mode"},"sceneLighting":false,"audioPlay":false,"sceneViewState":{"showFog":true,"showMaterialUpdate":false,"showSkybox":false,"showFlares":true,"showImageEffects":true,"showParticleSystems":true},"in2DMode":false,"pivot":{"x":0.0531764030456543,"y":3.479633331298828,"z":0.4450101852416992},"rotation":{"x":-0.0518144927918911,"y":-0.32471299171447756,"z":0.018074581399559976,"w":-0.9442864656448364},"size":5.100017547607422,"orthographic":false}