{"cameraMode":{"drawMode":0,"name":"Shaded","section":"Shading Mode"},"sceneLighting":false,"audioPlay":false,"sceneViewState":{"showFog":true,"showMaterialUpdate":false,"showSkybox":false,"showFlares":true,"showImageEffects":true,"showParticleSystems":true},"in2DMode":false,"pivot":{"x":0.5089979767799377,"y":2.3664093017578127,"z":-0.8089247941970825},"rotation":{"x":-0.037196896970272067,"y":0.9392378926277161,"z":-0.3251051604747772,"w":-0.10519887506961823},"size":9.008767127990723,"orthographic":false}