{"cameraMode":{"drawMode":0,"name":"Shaded","section":"Shading Mode"},"sceneLighting":false,"audioPlay":false,"sceneViewState":{"showFog":true,"showMaterialUpdate":false,"showSkybox":false,"showFlares":true,"showImageEffects":true,"showParticleSystems":true},"in2DMode":false,"pivot":{"x":1.1920928955078126e-7,"y":0.1759999394416809,"z":-1.1920928955078126e-7},"rotation":{"x":-0.3398994207382202,"y":0.0019723549485206606,"z":-0.0007119791116565466,"w":-0.9404622316360474},"size":2.026397943496704,"orthographic":false}