{"cameraMode":{"drawMode":0,"name":"Shaded","section":"Shading Mode"},"sceneLighting":true,"audioPlay":false,"sceneViewState":{"showFog":true,"showMaterialUpdate":false,"showSkybox":false,"showFlares":true,"showImageEffects":true,"showParticleSystems":true},"in2DMode":false,"pivot":{"x":0.0,"y":-7.3439483642578129,"z":-0.1249847412109375},"rotation":{"x":-0.08317858725786209,"y":0.652949333190918,"z":-0.07138459384441376,"w":-0.7496222257614136},"size":211.93777465820313,"orthographic":false}