{"cameraMode":{"drawMode":0,"name":"Shaded","section":"Shading Mode"},"sceneLighting":false,"audioPlay":false,"sceneViewState":{"showFog":true,"showMaterialUpdate":false,"showSkybox":false,"showFlares":true,"showImageEffects":true,"showParticleSystems":true},"in2DMode":false,"pivot":{"x":0.22352826595306397,"y":2.184284210205078,"z":-1.7913155555725098},"rotation":{"x":-0.36870619654655459,"y":0.15231861174106599,"z":-0.060214292258024219,"w":-0.9151749014854431},"size":9.812596321105957,"orthographic":false}