{"cameraMode":{"drawMode":0,"name":"Shaded","section":"Shading Mode"},"sceneLighting":false,"audioPlay":false,"sceneViewState":{"showFog":true,"showMaterialUpdate":false,"showSkybox":false,"showFlares":true,"showImageEffects":true,"showParticleSystems":true},"in2DMode":false,"pivot":{"x":3.5762786865234377e-7,"y":0.5032355785369873,"z":-5.960464477539063e-8},"rotation":{"x":-0.037196896970272067,"y":0.9392378926277161,"z":-0.3251051604747772,"w":-0.10519887506961823},"size":1.9993752241134644,"orthographic":false}