{"cameraMode":{"drawMode":0,"name":"Shaded","section":"Shading Mode"},"sceneLighting":true,"audioPlay":false,"sceneViewState":{"showFog":true,"showMaterialUpdate":false,"showSkybox":true,"showFlares":true,"showImageEffects":true,"showParticleSystems":true},"in2DMode":false,"pivot":{"x":63.49170684814453,"y":20.64039421081543,"z":55.422691345214847},"rotation":{"x":0.12814366817474366,"y":0.18511426448822022,"z":-0.024352828040719034,"w":0.9740256071090698},"size":9.931193351745606,"orthographic":false}