{"cameraMode":{"drawMode":0,"name":"Shaded","section":"Shading Mode"},"sceneLighting":false,"audioPlay":false,"sceneViewState":{"showFog":true,"showMaterialUpdate":false,"showSkybox":false,"showFlares":true,"showImageEffects":true,"showParticleSystems":true},"in2DMode":false,"pivot":{"x":1.4901161193847657e-8,"y":1.4100003242492676,"z":-2.9802322387695315e-8},"rotation":{"x":-0.0014727425295859576,"y":-0.9832248687744141,"z":0.18228010833263398,"w":-0.007944026961922646},"size":1.4582891464233399,"orthographic":false}