{"cameraMode":{"drawMode":0,"name":"Shaded","section":"Shading Mode"},"sceneLighting":true,"audioPlay":false,"sceneViewState":{"showFog":true,"showMaterialUpdate":false,"showSkybox":true,"showFlares":true,"showImageEffects":true,"showParticleSystems":true},"in2DMode":false,"pivot":{"x":761.5239868164063,"y":318.70623779296877,"z":196.9486541748047},"rotation":{"x":-0.0737018957734108,"y":-0.03529622033238411,"z":0.0025300041306763889,"w":-0.9966855049133301},"size":352.8688049316406,"orthographic":false}