{"cameraMode":{"drawMode":0,"name":"Shaded","section":"Shading Mode"},"sceneLighting":true,"audioPlay":false,"sceneViewState":{"showFog":true,"showMaterialUpdate":false,"showSkybox":true,"showFlares":true,"showImageEffects":true,"showParticleSystems":true},"in2DMode":false,"pivot":{"x":50.82253646850586,"y":21.487756729125978,"z":45.13761901855469},"rotation":{"x":-0.19476951658725739,"y":-0.6025581359863281,"z":0.15476085245609284,"w":-0.75836580991745},"size":12.43033218383789,"orthographic":true}