{"cameraMode":{"drawMode":0,"name":"Shaded","section":"Shading Mode"},"sceneLighting":false,"audioPlay":false,"sceneViewState":{"showFog":true,"showMaterialUpdate":false,"showSkybox":false,"showFlares":true,"showImageEffects":true,"showParticleSystems":true},"in2DMode":false,"pivot":{"x":2.9802322387695315e-8,"y":3.500000476837158,"z":-2.2351741790771485e-7},"rotation":{"x":-0.18068520724773408,"y":0.037466730922460559,"z":-0.0069184754975140099,"w":-0.9828449487686157},"size":5.387071132659912,"orthographic":false}