{"cameraMode":{"drawMode":0,"name":"Shaded","section":"Shading Mode"},"sceneLighting":false,"audioPlay":false,"sceneViewState":{"showFog":true,"showMaterialUpdate":false,"showSkybox":false,"showFlares":true,"showImageEffects":true,"showParticleSystems":true},"in2DMode":false,"pivot":{"x":10.364377975463868,"y":16.7537899017334,"z":2.1396026611328127},"rotation":{"x":-0.05577770993113518,"y":0.012579426169395447,"z":-0.000687166815623641,"w":-0.9983847141265869},"size":27.299413681030275,"orthographic":false}