{"cameraMode":{"drawMode":0,"name":"Shaded","section":"Shading Mode"},"sceneLighting":true,"audioPlay":false,"sceneViewState":{"showFog":true,"showMaterialUpdate":false,"showSkybox":true,"showFlares":true,"showImageEffects":true,"showParticleSystems":true},"in2DMode":false,"pivot":{"x":841.74609375,"y":560.3291015625,"z":49.9375},"rotation":{"x":0.007188106887042522,"y":0.038098789751529697,"z":0.00019645366410259157,"w":-0.9992811679840088},"size":656.5972290039063,"orthographic":true}