{"cameraMode":{"drawMode":0,"name":"Shaded","section":"Shading Mode"},"sceneLighting":true,"audioPlay":false,"sceneViewState":{"showFog":true,"showMaterialUpdate":false,"showSkybox":true,"showFlares":true,"showImageEffects":true,"showParticleSystems":true},"in2DMode":false,"pivot":{"x":1104.6832275390625,"y":584.3307495117188,"z":25.73291015625},"rotation":{"x":-0.04079563170671463,"y":0.012593025341629982,"z":-0.0006059533916413784,"w":-0.9991224408149719},"size":640.4902954101563,"orthographic":false}