{"cameraMode":{"drawMode":0,"name":"Shaded","section":"Shading Mode"},"sceneLighting":false,"audioPlay":false,"sceneViewState":{"showFog":true,"showMaterialUpdate":false,"showSkybox":false,"showFlares":true,"showImageEffects":true,"showParticleSystems":true},"in2DMode":false,"pivot":{"x":0.21779227256774903,"y":2.4826250076293947,"z":-0.39289283752441409},"rotation":{"x":0.5758929252624512,"y":0.014965915121138096,"z":-0.01054801419377327,"w":0.8173282742500305},"size":6.858290672302246,"orthographic":false}