{"cameraMode":{"drawMode":0,"name":"Shaded","section":"Shading Mode"},"sceneLighting":true,"audioPlay":false,"sceneViewState":{"showFog":true,"showMaterialUpdate":false,"showSkybox":true,"showFlares":true,"showImageEffects":true,"showParticleSystems":true},"in2DMode":false,"pivot":{"x":0.48104608058929446,"y":2.8599302768707277,"z":-0.5934550762176514},"rotation":{"x":-0.43758752942085268,"y":-0.07388027757406235,"z":0.03584079071879387,"w":-0.8954963088035584},"size":9.536869049072266,"orthographic":false}