{"cameraMode":{"drawMode":0,"name":"Shaded","section":"Shading Mode"},"sceneLighting":true,"audioPlay":false,"sceneViewState":{"showFog":true,"showMaterialUpdate":false,"showSkybox":true,"showFlares":true,"showImageEffects":true,"showParticleSystems":true},"in2DMode":false,"pivot":{"x":979.41064453125,"y":615.3525390625,"z":-67.9600830078125},"rotation":{"x":-0.006005031988024712,"y":0.018290624022483827,"z":-0.00037262760451994836,"w":-0.9999061226844788},"size":521.9697875976563,"orthographic":false}