{"cameraMode":{"drawMode":0,"name":"Shaded","section":"Shading Mode"},"sceneLighting":true,"audioPlay":false,"sceneViewState":{"showFog":true,"showMaterialUpdate":false,"showSkybox":true,"showFlares":true,"showImageEffects":true,"showParticleSystems":true},"in2DMode":false,"pivot":{"x":51.00056076049805,"y":31.059917449951173,"z":48.306358337402347},"rotation":{"x":-0.26911622285842898,"y":-0.0618632510304451,"z":0.01704835519194603,"w":-0.9610592722892761},"size":1.3520514965057374,"orthographic":false}