{"cameraMode":{"drawMode":0,"name":"Shaded","section":"Shading Mode"},"sceneLighting":false,"audioPlay":false,"sceneViewState":{"showFog":true,"showMaterialUpdate":false,"showSkybox":false,"showFlares":true,"showImageEffects":true,"showParticleSystems":true},"in2DMode":false,"pivot":{"x":0.6141741275787354,"y":6.406428337097168,"z":1.257039189338684},"rotation":{"x":-0.29023322463035586,"y":-0.08969388902187348,"z":0.027332540601491929,"w":-0.9523609280586243},"size":4.705718994140625,"orthographic":false}