{"cameraMode":{"drawMode":0,"name":"Shaded","section":"Shading Mode"},"sceneLighting":true,"audioPlay":false,"sceneViewState":{"showFog":true,"showMaterialUpdate":false,"showSkybox":true,"showFlares":true,"showImageEffects":true,"showParticleSystems":true},"in2DMode":false,"pivot":{"x":74.92639923095703,"y":25.480491638183595,"z":38.98558807373047},"rotation":{"x":-0.1404522806406021,"y":0.07329251617193222,"z":-0.010506685823202134,"w":-0.9873485565185547},"size":6.876793384552002,"orthographic":false}