{"cameraMode":{"drawMode":0,"name":"Shaded","section":"Shading Mode"},"sceneLighting":false,"audioPlay":false,"sceneViewState":{"showFog":true,"showMaterialUpdate":false,"showSkybox":false,"showFlares":true,"showImageEffects":true,"showParticleSystems":true},"in2DMode":false,"pivot":{"x":0.0,"y":3.5338850021362306,"z":-0.18186521530151368},"rotation":{"x":-0.2925589382648468,"y":0.04931160807609558,"z":-0.015108666382730008,"w":-0.9548555016517639},"size":9.070801734924317,"orthographic":false}