{"cameraMode":{"drawMode":0,"name":"Shaded","section":"Shading Mode"},"sceneLighting":false,"audioPlay":false,"sceneViewState":{"showFog":true,"showMaterialUpdate":false,"showSkybox":false,"showFlares":true,"showImageEffects":true,"showParticleSystems":true},"in2DMode":false,"pivot":{"x":0.21779227256774903,"y":2.4826250076293947,"z":-0.39289283752441409},"rotation":{"x":0.11871765553951264,"y":-0.41077786684036257,"z":0.0540376715362072,"w":0.9023629426956177},"size":2.0582892894744875,"orthographic":false}