{"cameraMode":{"drawMode":0,"name":"Shaded","section":"Shading Mode"},"sceneLighting":true,"audioPlay":false,"sceneViewState":{"showFog":true,"showMaterialUpdate":false,"showSkybox":true,"showFlares":true,"showImageEffects":true,"showParticleSystems":true},"in2DMode":false,"pivot":{"x":55.0045280456543,"y":24.814611434936525,"z":42.76311492919922},"rotation":{"x":-0.3647947311401367,"y":-0.02496076002717018,"z":0.009500604122877121,"w":-0.9307987093925476},"size":10.0,"orthographic":false}