{"cameraMode":{"drawMode":0,"name":"Shaded","section":"Shading Mode"},"sceneLighting":true,"audioPlay":false,"sceneViewState":{"showFog":true,"showMaterialUpdate":false,"showSkybox":true,"showFlares":true,"showImageEffects":true,"showParticleSystems":true},"in2DMode":false,"pivot":{"x":829.9535522460938,"y":643.2335815429688,"z":-160.482421875},"rotation":{"x":0.004189741797745228,"y":-0.0038922461681067945,"z":-0.00007189420284703374,"w":-1.0000241994857789},"size":569.4921264648438,"orthographic":false}