{"cameraMode":{"drawMode":0,"name":"Shaded","section":"Shading Mode"},"sceneLighting":false,"audioPlay":false,"sceneViewState":{"showFog":true,"showMaterialUpdate":false,"showSkybox":false,"showFlares":true,"showImageEffects":true,"showParticleSystems":true},"in2DMode":false,"pivot":{"x":0.21779227256774903,"y":2.4826250076293947,"z":-0.39289283752441409},"rotation":{"x":0.6002451777458191,"y":-0.003352335887029767,"z":0.0025128505658358337,"w":0.7998133301734924},"size":9.472886085510254,"orthographic":false}