{"cameraMode":{"drawMode":0,"name":"Shaded","section":"Shading Mode"},"sceneLighting":true,"audioPlay":false,"sceneViewState":{"showFog":true,"showMaterialUpdate":false,"showSkybox":true,"showFlares":true,"showImageEffects":true,"showParticleSystems":true},"in2DMode":false,"pivot":{"x":115.14552307128906,"y":36.357421875,"z":58.8359375},"rotation":{"x":-0.3035418391227722,"y":-0.0008680960745550692,"z":0.0002669038367457688,"w":-0.9528474807739258},"size":13.900036811828614,"orthographic":true}