{"cameraMode":{"drawMode":0,"name":"Shaded","section":"Shading Mode"},"sceneLighting":true,"audioPlay":false,"sceneViewState":{"showFog":true,"showMaterialUpdate":false,"showSkybox":true,"showFlares":true,"showImageEffects":true,"showParticleSystems":true},"in2DMode":false,"pivot":{"x":64.7232437133789,"y":22.254661560058595,"z":42.31377410888672},"rotation":{"x":-0.5176356434822083,"y":-0.03453121334314346,"z":0.02057866007089615,"w":-0.85475754737854},"size":21.224653244018556,"orthographic":false}