{"cameraMode":{"drawMode":0,"name":"Shaded","section":"Shading Mode"},"sceneLighting":false,"audioPlay":false,"sceneViewState":{"showFog":true,"showMaterialUpdate":false,"showSkybox":false,"showFlares":true,"showImageEffects":true,"showParticleSystems":true},"in2DMode":false,"pivot":{"x":0.0,"y":1.7669425010681153,"z":-0.09093260765075684},"rotation":{"x":0.08570502698421478,"y":-0.0029896069318056108,"z":0.0003039609582629055,"w":0.9963321089744568},"size":3.9743566513061525,"orthographic":false}