{"cameraMode":{"drawMode":0,"name":"Shaded","section":"Shading Mode"},"sceneLighting":false,"audioPlay":false,"sceneViewState":{"showFog":true,"showMaterialUpdate":false,"showSkybox":false,"showFlares":true,"showImageEffects":true,"showParticleSystems":true},"in2DMode":false,"pivot":{"x":-0.2612178325653076,"y":2.5732173919677736,"z":0.1576404571533203},"rotation":{"x":-0.33186477422714236,"y":0.1413244754076004,"z":-0.05035911127924919,"w":-0.9313207864761353},"size":6.683536052703857,"orthographic":false}