{"cameraMode":{"drawMode":0,"name":"Shaded","section":"Shading Mode"},"sceneLighting":false,"audioPlay":false,"sceneViewState":{"showFog":true,"showMaterialUpdate":false,"showSkybox":false,"showFlares":true,"showImageEffects":true,"showParticleSystems":true},"in2DMode":false,"pivot":{"x":0.24500317871570588,"y":7.862467288970947,"z":1.3993970155715943},"rotation":{"x":-0.41965365409851076,"y":-0.08938854932785034,"z":0.041514720767736438,"w":-0.9023495316505432},"size":5.167599201202393,"orthographic":false}