{"cameraMode":{"drawMode":0,"name":"Shaded","section":"Shading Mode"},"sceneLighting":true,"audioPlay":false,"sceneViewState":{"showFog":true,"showMaterialUpdate":false,"showSkybox":true,"showFlares":true,"showImageEffects":true,"showParticleSystems":true},"in2DMode":false,"pivot":{"x":3.1512300968170168,"y":4.124951362609863,"z":-3.0320348739624025},"rotation":{"x":-0.3876582682132721,"y":-0.19888503849506379,"z":0.08596797287464142,"w":-0.8960252404212952},"size":4.492604732513428,"orthographic":false}