{"cameraMode":{"drawMode":0,"name":"Shaded","section":"Shading Mode"},"sceneLighting":true,"audioPlay":false,"sceneViewState":{"showFog":true,"showMaterialUpdate":false,"showSkybox":true,"showFlares":true,"showImageEffects":true,"showParticleSystems":true},"in2DMode":false,"pivot":{"x":110.92025756835938,"y":25.589797973632814,"z":82.70856475830078},"rotation":{"x":-0.3439803421497345,"y":0.02871287614107132,"z":-0.010589216835796833,"w":-0.9385237097740173},"size":212.82188415527345,"orthographic":false}